{
    "unique_people_counter": 0,
    "people_info": {},
    "frame_count": 119,
    "speed_stats": [
        0.663384,
        0.02691,
        0.044463,
        0.023494,
        0.028638,
        0.021456,
        0.027538,
        0.036131,
        0.025779,
        0.027732,
        0.027501,
        0.038842,
        0.027302,
        0.02888,
        0.045002,
        0.027805,
        0.036009,
        0.026216,
        0.02641,
        0.027139,
        0.030087,
        0.027816,
        0.028915,
        0.056692,
        0.024956,
        0.028313,
        0.028468,
        0.02992,
        0.028567,
        0.028101,
        0.028711,
        0.029154,
        0.027279,
        0.029309,
        0.031243,
        0.02468,
        0.026029,
        0.032097,
        0.026136,
        0.027502,
        0.02531,
        0.030888,
        0.027749,
        0.023104,
        0.020126,
        0.027469,
        0.02869,
        0.326736,
        0.038864,
        0.026854,
        0.029592,
        0.027795,
        0.028455,
        0.028374,
        0.029654,
        0.027889,
        0.028248,
        0.029535,
        0.027809,
        0.026383,
        0.029374,
        0.029084,
        0.029385,
        0.026735,
        0.030451,
        0.028577,
        0.027237,
        0.029135,
        0.029112,
        0.028296,
        0.028844,
        0.027015,
        0.029498,
        0.028079,
        0.030224,
        0.027238,
        0.026737,
        0.029866,
        0.028463,
        0.028518,
        0.029872,
        0.029625,
        0.028052,
        0.029128,
        0.028738,
        0.028285,
        0.028412,
        0.028196,
        0.027972,
        0.031063,
        0.614001,
        0.058088,
        0.038501,
        0.026073,
        0.028197,
        0.027384,
        0.030022,
        0.02851,
        0.027134,
        0.039429,
        0.050319,
        0.027776,
        0.032753,
        0.030673,
        0.033572,
        0.034321,
        0.025656,
        0.029604,
        0.024441,
        0.035287,
        0.03009,
        0.021567,
        0.02492,
        0.042612,
        0.024648,
        0.02382,
        0.036954,
        0.024019,
        0.024517
    ],
    "speed_stats_statistics": {
        "moy": 0.042405285714285715,
        "med": 0.028463,
        "eq_type": 0.08315556939776692
    },
    "config": {
        "detection_interval": 10,
        "prediction_interval": 20,
        "inactive_threshold": 10,
        "inactive_detection": 20
    }
}