{
    "unique_people_counter": 5,
    "people_info": {
        "1": {
            "gender": "Female",
            "gender_index": 1,
            "age": "(25, 32)",
            "age_index": 2,
            "gender_confidence_score": 0.9715487957000732,
            "age_confidence_score": 0.9377624988555908
        },
        "2": {
            "gender": "Male",
            "gender_index": 1,
            "age": "(25, 32)",
            "age_index": 4,
            "gender_confidence_score": 0.9999480247497559,
            "age_confidence_score": 0.8645309805870056
        },
        "3": {
            "gender": "Male",
            "gender_index": 1,
            "age": "(25, 32)",
            "age_index": 4,
            "gender_confidence_score": 0.9999946355819702,
            "age_confidence_score": 0.9497018456459045
        },
        "4": {
            "gender": "Male",
            "gender_index": 1,
            "age": "(25, 32)",
            "age_index": 4,
            "gender_confidence_score": 0.999667763710022,
            "age_confidence_score": 0.9164621233940125
        },
        "5": {
            "gender": "Female",
            "gender_index": 1,
            "age": "(25, 32)",
            "age_index": 4,
            "gender_confidence_score": 0.9881731867790222,
            "age_confidence_score": 0.9142375588417053
        }
    },
    "frame_count": 442,
    "speed_stats": [
        0.238733,
        0.027009,
        0.030729,
        0.019608,
        0.018784,
        0.014266,
        0.022288,
        0.032836,
        0.02266,
        0.021656,
        0.095998,
        0.052807,
        0.024599,
        0.023538,
        0.027513,
        0.024378,
        0.022941,
        0.02211,
        0.026382,
        0.02324,
        0.10552,
        0.041357,
        0.025089,
        0.023341,
        0.027675,
        0.022017,
        0.027523,
        0.025643,
        0.026642,
        0.087691,
        0.084673,
        0.028924,
        0.023783,
        0.025463,
        0.026077,
        0.024536,
        0.057488,
        0.02248,
        0.027792,
        0.0224,
        0.104107,
        0.045899,
        0.028905,
        0.022524,
        0.024711,
        0.022955,
        0.026886,
        0.021875,
        0.026625,
        0.024041,
        0.12474,
        0.013217,
        0.024489,
        0.025238,
        0.025249,
        0.026663,
        0.025003,
        0.024508,
        0.056895,
        0.024071,
        0.124223,
        0.026438,
        0.023367,
        0.022837,
        0.058156,
        0.023734,
        0.026908,
        0.022172,
        0.02558,
        0.023945,
        0.12731,
        0.040398,
        0.030467,
        0.057922,
        0.055082,
        0.058313,
        0.058867,
        0.054718,
        0.060085,
        0.056769,
        0.164391,
        0.065531,
        0.024943,
        0.024564,
        0.025702,
        0.02414,
        0.022811,
        0.024918,
        0.025441,
        0.058552,
        0.105114,
        0.059043,
        0.061553,
        0.05292,
        0.093605,
        0.0563,
        0.058796,
        0.058472,
        0.056762,
        0.057316,
        0.158079,
        0.055515,
        0.027148,
        0.056094,
        0.090931,
        0.053442,
        0.06128,
        0.055644,
        0.059879,
        0.055,
        0.126616,
        0.054441,
        0.060478,
        0.057266,
        0.057242,
        0.05418,
        0.058743,
        0.058499,
        0.059254,
        0.055584,
        0.124863,
        0.057718,
        0.058748,
        0.05841,
        0.056894,
        0.089996,
        0.058753,
        0.054181,
        0.062412,
        0.053402,
        0.123424,
        0.044086,
        0.026083,
        0.023405,
        0.031869,
        0.023945,
        0.027735,
        0.025003,
        0.025789,
        0.024099,
        0.115243,
        0.033088,
        0.026363,
        0.057828,
        0.056301,
        0.026081,
        0.027098,
        0.052862,
        0.026536,
        0.057903,
        0.094772,
        0.041311,
        0.027828,
        0.024443,
        0.033255,
        0.023209,
        0.027214,
        0.02273,
        0.060665,
        0.055613,
        0.106528,
        0.040167,
        0.024629,
        0.025005,
        0.058361,
        0.024081,
        0.025819,
        0.022164,
        0.026716,
        0.021916,
        0.096102,
        0.056096,
        0.024768,
        0.054952,
        0.028548,
        0.023776,
        0.025221,
        0.053878,
        0.058057,
        0.056484,
        0.110125,
        0.040752,
        0.025177,
        0.02418,
        0.058454,
        0.023992,
        0.024646,
        0.024292,
        0.026979,
        0.024407,
        0.095381,
        0.086377,
        0.025536,
        0.055723,
        0.02838,
        0.05451,
        0.029359,
        0.089477,
        0.025828,
        0.055953,
        0.111902,
        0.037767,
        0.024735,
        0.024811,
        0.026537,
        0.023053,
        0.025015,
        0.026444,
        0.026237,
        0.053139,
        0.093848,
        0.023879,
        0.02441,
        0.026221,
        0.023831,
        0.022846,
        0.024853,
        0.026143,
        0.024665,
        0.058208,
        0.104849,
        0.04435,
        0.025337,
        0.023668,
        0.026075,
        0.024386,
        0.058266,
        0.027383,
        0.056278,
        0.022025,
        0.096025,
        0.052439,
        0.025008,
        0.024359,
        0.027531,
        0.053895,
        0.027412,
        0.024814,
        0.024717,
        0.023374,
        0.134327,
        0.037961,
        0.033198,
        0.023225,
        0.027017,
        0.022248,
        0.02852,
        0.025477,
        0.022594,
        0.024227,
        0.100326,
        0.047893,
        0.027642,
        0.087624,
        0.024606,
        0.024098,
        0.028378,
        0.054765,
        0.027657,
        0.023636,
        0.100082,
        0.047424,
        0.026245,
        0.023508,
        0.027689,
        0.021682,
        0.025947,
        0.022882,
        0.028108,
        0.02168,
        0.088007,
        0.026277,
        0.028794,
        0.053891,
        0.025718,
        0.057032,
        0.025475,
        0.02033,
        0.027747,
        0.026879,
        0.099482,
        0.046345,
        0.027038,
        0.02388,
        0.025162,
        0.024445,
        0.027398,
        0.023078,
        0.025053,
        0.025459,
        0.136617,
        0.029615,
        0.027565,
        0.022258,
        0.029187,
        0.020391,
        0.027984,
        0.055845,
        0.024934,
        0.02278,
        0.134721,
        0.031768,
        0.023254,
        0.024334,
        0.027302,
        0.056836,
        0.024112,
        0.056839,
        0.02582,
        0.060968,
        0.16432,
        0.045956,
        0.026588,
        0.054854,
        0.025824,
        0.05757,
        0.02628,
        0.053325,
        0.027384,
        0.026212,
        0.120414,
        0.026462,
        0.026044,
        0.02606,
        0.023749,
        0.023491,
        0.027486,
        0.054219,
        0.027288,
        0.055599,
        0.143559,
        0.039832,
        0.057505,
        0.059559,
        0.056206,
        0.057484,
        0.05767,
        0.055611,
        0.024937,
        0.058035,
        0.118377,
        0.02794,
        0.028612,
        0.055441,
        0.056209,
        0.025497,
        0.029682,
        0.053599,
        0.027224,
        0.05175,
        0.114032,
        0.032857,
        0.028454,
        0.053054,
        0.058668,
        0.026175,
        0.024122,
        0.05352,
        0.025688,
        0.027003,
        0.15961,
        0.05003,
        0.029558,
        0.05296,
        0.027839,
        0.055131,
        0.031,
        0.052091,
