{
    "unique_people_counter": 0,
    "people_info": {},
    "frame_count": 83,
    "speed_stats": [
        0.12111,
        0.025176,
        0.053502,
        0.02103,
        0.027178,
        0.037188,
        0.020136,
        0.04703,
        0.026732,
        0.02673,
        0.028384,
        0.028596,
        0.02777,
        0.028148,
        0.028132,
        0.025326,
        0.02494,
        0.034462,
        0.0256,
        0.02305,
        0.029532,
        0.029217,
        0.019188,
        0.026233,
        0.027021,
        0.027189,
        0.028744,
        0.028428,
        0.030041,
        0.035188,
        0.031447,
        0.019046,
        0.033262,
        0.024859,
        0.020575,
        0.034081,
        0.029822,
        0.034925,
        0.034281,
        0.023597,
        0.048187,
        0.035188,
        0.020658,
        0.032026,
        0.030588,
        0.027558,
        0.025242,
        0.030039,
        0.032343,
        0.028773,
        0.024329,
        0.031348,
        0.033934,
        0.029721,
        0.028147,
        0.029136,
        0.029612,
        0.028168,
        0.029024,
        0.027998,
        0.027868,
        0.026186,
        0.029476,
        0.031319,
        0.042988,
        0.027143,
        0.035711,
        0.03429,
        0.026288,
        0.031228,
        0.028338,
        0.027077,
        0.02651,
        0.026868,
        0.029133,
        0.028085,
        0.029787,
        0.020962,
        0.027642,
        0.039379,
        0.022802,
        0.025503,
        0.027483
    ],
    "speed_stats_statistics": {
        "moy": 0.030373265060240965,
        "med": 0.028338,
        "eq_type": 0.011684922137862565
    },
    "config": {
        "detection_interval": 10,
        "prediction_interval": 20,
        "inactive_threshold": 10,
        "inactive_detection": 20
    }
}