{
    "unique_people_counter": 2,
    "people_info": {
        "1": {
            "gender": "Female",
            "gender_index": 1,
            "age": "(38, 43)",
            "age_index": 5,
            "gender_confidence_score": 0.7161399126052856,
            "age_confidence_score": 0.5202715396881104
        },
        "2": {
            "gender": "Male",
            "gender_index": 0,
            "age": "(25, 32)",
            "age_index": 2,
            "gender_confidence_score": 0.9999960660934448,
            "age_confidence_score": 0.9898626804351807
        }
    },
    "frame_count": 826,
    "speed_stats": [
        0.131925,
        0.047915,
        0.036306,
        0.049616,
        0.043504,
        0.025148,
        0.027306,
        0.048632,
        0.049119,
        0.046482,
        0.04653,
        0.048162,
        0.043231,
        0.048156,
        0.04487,
        0.048917,
        0.046448,
        0.04793,
        0.045555,
        0.047864,
        0.046968,
        0.047596,
        0.045457,
        0.049857,
        0.022033,
        0.042226,
        0.047078,
        0.045371,
        0.046529,
        0.043855,
        0.04943,
        0.05563,
        0.04462,
        0.044161,
        0.043794,
        0.049852,
        0.048894,
        0.296295,
        0.051121,
        0.047145,
        0.0654,
        0.065246,
        0.049884,
        0.046583,
        0.046769,
        0.043916,
        0.048327,
        0.047345,
        0.044033,
        0.04821,
        0.063689,
        0.030357,
        0.013153,
        0.012824,
        0.01496,
        0.01272,
        0.015742,
        0.012352,
        0.013017,
        0.013704,
        0.028477,
        0.033191,
        0.013843,
        0.015202,
        0.016672,
        0.016276,
        0.012704,
        0.01528,
        0.011674,
        0.016381,
        0.023415,
        0.00519,
        0.011184,
        0.015811,
        0.011039,
        0.015297,
        0.01346,
        0.016017,
        0.011586,
        0.022361,
        0.021695,
        0.031472,
        0.014279,
        0.014309,
        0.017017,
        0.017404,
        0.006861,
        0.016706,
        0.013271,
        0.013241,
        0.203759,
        0.050642,
        0.045836,
        0.048754,
        0.077265,
        0.076063,
        0.081796,
        0.081632,
        0.083853,
        0.079606,
        0.246687,
        0.069977,
        0.081804,
        0.083321,
        0.072998,
        0.051821,
        0.076575,
        0.079007,
        0.079218,
        0.084071,
        0.242858,
        0.083303,
        0.082425,
        0.081897,
        0.082093,
        0.080731,
        0.079537,
        0.077474,
        0.080453,
        0.082846,
        0.251358,
        0.074023,
        0.081744,
        0.087333,
        0.076889,
        0.073835,
        0.07307,
        0.083727,
        0.078814,
        0.091427,
        0.249775,
        0.069012,
        0.076705,
        0.079603,
        0.080089,
        0.082995,
        0.079264,
        0.074422,
        0.078802,
        0.082283,
        0.272732,
        0.067623,
        0.0743,
        0.085545,
        0.082012,
        0.079986,
        0.080003,
        0.07789,
        0.080637,
        0.08115,
        0.256437,
        0.070072,
        0.081966,
        0.077857,
        0.081472,
        0.079851,
        0.081731,
        0.079434,
        0.08044,
        0.077643,
        0.267948,
        0.090029,
        0.083939,
        0.07961,
        0.076946,
        0.082984,
        0.07855,
        0.078791,
        0.083771,
        0.076739,
        0.269696,
        0.067941,
        0.077767,
        0.082807,
        0.078164,
        0.077249,
        0.088196,
        0.074363,
        0.082254,
        0.079322,
        0.113326,
        0.086688,
        0.075594,
        0.078696,
        0.054554,
        0.042919,
        0.077834,
        0.081597,
        0.081554,
        0.074909,
        0.102738,
        0.068476,
        0.080086,
        0.077815,
        0.084791,
        0.07979,
        0.082807,
        0.068488,
        0.085895,
        0.081385,
        0.10333,
        0.082296,
        0.086397,
        0.071095,
        0.082066,
        0.072875,
        0.084013,
        0.086783,
        0.052944,
        0.073049,
        0.11056,
        0.020439,
        0.015938,
        0.012556,
        0.016016,
        0.014778,
        0.015296,
        0.012281,
        0.014064,
        0.015374,
        0.030633,
        0.02793,
        0.013468,
        0.013532,
        0.01685,
        0.010914,
        0.011934,
        0.011301,
        0.018493,
        0.011113,
        0.031388,
        0.027867,
        0.01603,
        0.015036,
        0.01344,
        0.011338,
        0.012903,
        0.012893,
        0.011174,
        0.016519,
        0.033508,
        0.036818,
        0.033757,
        0.017411,
        0.016581,
        0.015544,
        0.012996,
        0.01233,
        0.014769,
        0.011352,
        0.040711,
        0.02276,
        0.013494,
        0.016989,
        0.011706,
        0.01604,
        0.012131,
        0.014257,
        0.014666,
        0.013548,
        0.033485,
        0.029826,
        0.011148,
        0.016833,
        0.012706,
        0.015378,
        0.010999,
        0.012645,
        0.017417,
        0.01502,
        0.030198,
        0.029849,
        0.010339,
        0.015083,
        0.014561,
        0.016035,
        0.014195,
        0.007391,
        0.015179,
        0.014474,
        0.036338,
        0.026808,
        0.012853,
        0.01435,
        0.017416,
        0.009733,
        0.014878,
        0.019059,
        0.010227,
        0.013219,
        0.030847,
        0.030288,
        0.01305,
        0.015285,
        0.016167,
        0.012311,
        0.013481,
        0.0176,
        0.010505,
        0.018262,
        0.043346,
        0.017276,
        0.010167,
        0.016729,
        0.011623,
        0.015563,
        0.011723,
        0.014398,
        0.014055,
        0.016208,
        0.029712,
        0.033105,
        0.008821,
        0.017268,
        0.009613,
        0.01813,
        0.008715,
        0.020318,
        0.010011,
        0.018735,
        0.0264,
        0.029472,
        0.016604,
        0.011868,
        0.011621,
        0.028138,
        0.007029,
        0.006629,
        0.014689,
        0.018878,
        0.03371,
        0.025184,
        0.012309,
        0.016531,
        0.012839,
        0.012796,
        0.014408,
        0.015098,
        0.016777,
        0.012177,
        0.031037,
        0.029095,
        0.016808,
        0.011083,
        0.013252,
        0.01421,
        0.012921,
        0.015412,
        0.013441,
        0.015788,
        0.028793,
        0.032484,
        0.014,
        0.011123,
        0.014207,
        0.013079,
        0.016315,
        0.015803,
        0.010439,
        0.010356,
        0.035147,
        0.026144,
        0.01729,
        0.015596,
        0.010832,
        0.014722,
        0.010534,
        0.016333,
        0.011337,
        0.013181,
        0.02986,
        0.030498,
        0.011938,
        0.012944,
        0.015317,
        0.016464,
        0.011487,
        0.014373,
        0.015618,
        0.016512,
        0.043149,
        0.014846,
        0.016705,
        0.017936,
        0.010535,
        0.013396,
        0.014708,
        0.015372,
        0.012812,
        0.013702,
        0.03112,
        0.033079,
        0.011182,
        0.025955,
        0.036011,
        0.011453,
        0.015782,
        0.01491,
        0.016257,
        0.012181,
        0.029895,
        0.033419,
        0.009161,
        0.017236,
        0.012484,
        0.011759,
        0.021373,
        0.010406,
        0.009415,
        0.016389,
        0.035691,
        0.024063,
